Model,Accuracy,F1-Score,Precision,Recall,Parameters,Training_Time(s)
Light-LSTM,0.8475599884986877,0.8495400529037862,0.8386468158079351,0.86072,168865,31.067518949508667
Light-GRU,0.8379200100898743,0.8285085491789402,0.8795830337886412,0.78304,166881,46.314881563186646
Simple-CNN,0.8492799997329712,0.8488567990373045,0.8512469831053902,0.84648,165697,5.700847148895264
